viewer_id,content_id,viewtime
00AD69AA-8C1A-4BA4-9221-24AF0AC92A38,13BCAB7C-D84E-46E7-B99C-EA589B880F5D,0 days 00:00:11
00AD69AA-8C1A-4BA4-9221-24AF0AC92A38,3102750F-D246-47CE-AC5E-1701A1BFD1EB,0 days 00:00:09
00AD69AA-8C1A-4BA4-9221-24AF0AC92A38,378DC398-7211-4498-89EA-C40088563C0D,0 days 00:01:03
00AD69AA-8C1A-4BA4-9221-24AF0AC92A38,BD0A962E-13ED-4054-9920-45912B4C59BE,0 days 00:00:11
00AD69AA-8C1A-4BA4-9221-24AF0AC92A38,E5D7A079-2A15-47D6-A261-B7C8A977AC8F,0 days 00:04:56
00AD69AA-8C1A-4BA4-9221-24AF0AC92A38,F106DCAA-C3E2-4814-A78C-3E3527DEDF95,0 days 00:00:21
00D58463-86EE-408D-986C-4C1B637BCB15,9598AF55-B0CE-4361-9F9F-D11EDBC0C16D,0 days 00:00:21
029AB6CF-BDDA-43D8-BDC1-5611CBEC5A11,03C176C9-493F-49AE-9FF6-BCFC82738A76,0 days 00:08:55
0452CECC-16F9-4538-A5F8-CD2F78877482,360A539A-ADA8-4070-BEF9-1B45223428DB,0 days 00:00:01
0452CECC-16F9-4538-A5F8-CD2F78877482,3C2763B4-CADB-498E-BF80-A4D959E5A3FB,0 days 00:00:00
0452CECC-16F9-4538-A5F8-CD2F78877482,90CE44E2-D037-4BEB-9E4C-1B10EC787063,0 days 00:00:03
0452CECC-16F9-4538-A5F8-CD2F78877482,9651BC3F-5024-4C79-8375-541DD83B98CA,0 days 00:00:06
0452CECC-16F9-4538-A5F8-CD2F78877482,B682794E-AA1E-4D42-A70F-5978B4D9101F,0 days 00:00:00
0452CECC-16F9-4538-A5F8-CD2F78877482,C125A359-A9C1-4EEA-A550-D44CECB7202D,0 days 00:00:32
04D3F0C5-A6E5-46E3-9A74-5FBD31F567D7,3CA2D669-0E29-40A4-BC4E-F324077B8205,0 days 00:00:25
055CCDA1-9B56-476A-888B-7302E5778F7A,53251F1F-ED18-4BCD-B144-10545A3F9FF0,0 days 00:00:27
05F8DE47-4C48-40B5-9D13-C82A7476D05E,0300311C-E1F3-4FA9-A0BE-074A1EBA8C61,0 days 00:00:18
05F8DE47-4C48-40B5-9D13-C82A7476D05E,09AC2750-B4DC-452E-AD70-B9550A4FBF57,0 days 00:06:02
060E5429-F6B1-40E6-8C48-6966D1E086BC,6A66DDC9-87E6-4B78-8664-3B7671DC2686,0 days 00:11:30
06419589-6841-4A3A-B55A-BAE3E89D0CE9,4C098E3A-183E-4A4C-938F-7429B273B787,0 days 00:03:00
06539BD3-5C61-459A-86A1-EACBAAB4B467,803F7A6C-981C-4295-875D-55D608A09573,0 days 00:00:26
070799F6-3EC5-4099-A562-16128660482F,415FF938-49CB-4356-A538-7C552569CBE1,0 days 00:02:08
0759E1C6-D500-4AF2-931F-841A5D137F13,3DAD9472-12B6-4581-940A-674F59347C2D,0 days 00:00:22
081EFA3D-C4F4-4CDB-9B8E-8E7EEDBB8507,D9734459-DEEA-43FA-899B-4507B5DCA7B8,0 days 00:01:47
08E025BD-E90A-4F24-813D-DE2503C1DAB0,5B481506-75BC-4E43-94EE-23D496178568,0 days 00:26:21
09761691-CB3D-4E0B-8946-3B9AA12F3EF4,74B0983E-5492-4C1A-B18D-851F2E930748,0 days 00:05:05
09761691-CB3D-4E0B-8946-3B9AA12F3EF4,D96360A1-5FC6-4B11-BBCD-78BDFE6CB5C6,0 days 00:02:45
0A97CD2C-F305-43D3-A957-C0AC35F5CE2A,962553EA-5191-48BA-AADC-B518D9C089BA,0 days 00:09:43
0B077135-4620-404F-8BFD-6392494BC0D4,ACADB746-AE99-4259-8638-63626026392E,0 days 00:01:39
0B077135-4620-404F-8BFD-6392494BC0D4,D4B3124A-C8B1-4433-9F1C-B310FC6AD43D,0 days 00:02:59
0B077135-4620-404F-8BFD-6392494BC0D4,E0C3D99C-5D54-4A30-9BF3-66C054F7B3BA,0 days 00:00:31
0B077135-4620-404F-8BFD-6392494BC0D4,F20EA8D8-6267-4BEF-BAC0-484768CE4B1E,0 days 00:01:52
0CC6CD76-D288-428B-A0A5-7DF983BC8C4C,2C372B30-4494-4D46-8136-01B4E1174FEA,0 days 00:00:46
122699F1-1C24-46DB-938C-DA0219856D00,65B18157-B2D9-48FA-B2F9-5411B3E819DC,0 days 00:00:11
12CEFBF6-CBE9-46DF-BF08-D2B94D34F730,9277434B-E546-42CD-A18B-CDEEC3972225,0 days 00:02:02
14748125-EF74-42D1-9C08-5D546335906B,0865D539-0DA2-4736-A9BB-8D8299964F13,0 days 00:01:02
14AF2B4B-595F-4C5E-9E41-F63D9946FA02,D1B78AF6-491C-4E74-9C59-D36E637242ED,0 days 00:03:10
14CD4307-7F24-4220-ADA9-3BB389749439,0300311C-E1F3-4FA9-A0BE-074A1EBA8C61,0 days 00:00:01
14CD4307-7F24-4220-ADA9-3BB389749439,05731644-C616-48C1-A07A-C9B079FB8E60,0 days 00:00:08
14CD4307-7F24-4220-ADA9-3BB389749439,0DAB78E8-B87B-4092-937B-B5D835062151,0 days 00:00:10
14CD4307-7F24-4220-ADA9-3BB389749439,0DB9DF2E-23CB-470A-8FEF-4CE864F4A617,0 days 00:00:04
14CD4307-7F24-4220-ADA9-3BB389749439,0EB0FC7E-BC25-4E71-B2D1-A1D0CBDFE8B1,0 days 00:00:13
14CD4307-7F24-4220-ADA9-3BB389749439,14FC6041-C88A-46F2-A72C-ABBA9E6B5493,0 days 00:01:45
14CD4307-7F24-4220-ADA9-3BB389749439,187C0A30-68D1-4961-A35A-21C0822F1794,0 days 00:00:08
14CD4307-7F24-4220-ADA9-3BB389749439,2274773E-74DB-411C-86E8-ACB955A006E5,0 days 00:03:57
14CD4307-7F24-4220-ADA9-3BB389749439,2398CE2E-EDAA-44EF-A07E-22EA67D900D9,0 days 00:01:29
14CD4307-7F24-4220-ADA9-3BB389749439,280F476D-0573-4D82-ABE0-47DE30E61B7B,0 days 00:01:55
14CD4307-7F24-4220-ADA9-3BB389749439,2CBB70A5-07AD-4196-B5F5-C76652FA75B9,0 days 00:00:22
14CD4307-7F24-4220-ADA9-3BB389749439,2CEE2533-FC52-4BB0-ABF6-C82338F7B367,0 days 00:01:38
14CD4307-7F24-4220-ADA9-3BB389749439,3251F726-5B38-48A1-A119-C1C8B249E747,0 days 00:00:19
14CD4307-7F24-4220-ADA9-3BB389749439,3495C678-F871-41E4-8508-9EFBBCEEB508,0 days 00:00:36
14CD4307-7F24-4220-ADA9-3BB389749439,3AAA2B8D-F1C3-42BB-8B3D-340A7D371567,0 days 00:00:37
14CD4307-7F24-4220-ADA9-3BB389749439,42BFBB4F-2FD3-446D-925E-354672F81386,0 days 00:00:08
14CD4307-7F24-4220-ADA9-3BB389749439,438F7E18-5BA2-435A-BE5F-C6C7E27C50CA,0 days 00:00:16
14CD4307-7F24-4220-ADA9-3BB389749439,450522AF-9135-443A-99A2-674873996EF3,0 days 00:01:06
14CD4307-7F24-4220-ADA9-3BB389749439,4A7ACB99-6C1D-47E7-B8B9-2EDC2FCAF64C,0 days 00:00:29
14CD4307-7F24-4220-ADA9-3BB389749439,4B34E70E-3D94-4C15-A76E-95715FD3046E,0 days 00:00:15
14CD4307-7F24-4220-ADA9-3BB389749439,5330FCC3-2599-4B41-AAF8-D8BBF985A395,0 days 00:00:24
14CD4307-7F24-4220-ADA9-3BB389749439,5636971D-F277-43C1-843A-2F0F4FB868AF,0 days 00:00:02
14CD4307-7F24-4220-ADA9-3BB389749439,573C3DE4-3803-45ED-9487-224718FB8795,0 days 00:00:58
14CD4307-7F24-4220-ADA9-3BB389749439,5777E8D1-DD09-48B2-82F3-19223CD6057B,0 days 00:00:04
14CD4307-7F24-4220-ADA9-3BB389749439,59ABDE69-CBFF-42D3-B2A4-D220582CEE9B,0 days 00:00:06
14CD4307-7F24-4220-ADA9-3BB389749439,5B6D9EE3-D934-40E2-83DB-ADF662ED843D,0 days 00:00:15
14CD4307-7F24-4220-ADA9-3BB389749439,5E1D4DB0-60C6-4CD2-B463-77B21E432C32,0 days 00:00:02
14CD4307-7F24-4220-ADA9-3BB389749439,5E7A29AC-88FC-47C0-B76D-34FF52261C2D,0 days 00:00:58
14CD4307-7F24-4220-ADA9-3BB389749439,5F6B72DC-2C8F-4915-A218-A483553897E5,0 days 00:00:05
14CD4307-7F24-4220-ADA9-3BB389749439,618F59CA-2F6A-401D-BAEB-BF5CB3242D9A,0 days 00:00:15
14CD4307-7F24-4220-ADA9-3BB389749439,64546712-59F9-4D17-AC11-D7ABCEC36F5D,0 days 00:00:30
14CD4307-7F24-4220-ADA9-3BB389749439,6D1A9F0D-ECE8-4715-A700-E67D1231B4F8,0 days 00:00:02
14CD4307-7F24-4220-ADA9-3BB389749439,7C95EEFD-F675-45DA-81CC-B7F430CC57A4,0 days 00:00:07
14CD4307-7F24-4220-ADA9-3BB389749439,8A6C03F1-5342-4D47-926E-4B90855393B9,0 days 00:00:02
14CD4307-7F24-4220-ADA9-3BB389749439,8BA0AB36-71C5-46D8-AFB3-AC199998D73D,0 days 00:00:08
14CD4307-7F24-4220-ADA9-3BB389749439,922F7CB8-3BA9-4ED4-8688-9540CD3125FE,0 days 00:00:04
14CD4307-7F24-4220-ADA9-3BB389749439,926F2B24-60B5-4392-835E-9432A7BA69AC,0 days 00:00:06
14CD4307-7F24-4220-ADA9-3BB389749439,932F0262-5746-45F8-8C05-1BC5F00E7AAE,0 days 00:00:51
14CD4307-7F24-4220-ADA9-3BB389749439,AE4E5D7A-96DF-4BD4-AA61-866C6BBCA49F,0 days 00:00:39
14CD4307-7F24-4220-ADA9-3BB389749439,B72331C4-8522-4A6E-A68C-6105CFD48832,0 days 00:01:15
14CD4307-7F24-4220-ADA9-3BB389749439,B76787F6-8F49-4D65-9B4B-21AAD812A9D8,0 days 00:00:16
14CD4307-7F24-4220-ADA9-3BB389749439,B7B061BA-F583-4142-BD95-B941CD687DB6,0 days 00:01:05
14CD4307-7F24-4220-ADA9-3BB389749439,BB48EB22-E937-4EC8-8160-CF8137EA7327,0 days 00:00:09
14CD4307-7F24-4220-ADA9-3BB389749439,BE17A410-1A62-4A6C-96F8-4C9285B2321A,0 days 00:00:03
14CD4307-7F24-4220-ADA9-3BB389749439,C25A5FDC-F233-47C4-9278-FA73F69D4EB0,0 days 00:00:15
14CD4307-7F24-4220-ADA9-3BB389749439,CC1541D5-EE7F-4C7F-A161-E16415286420,0 days 00:00:36
14CD4307-7F24-4220-ADA9-3BB389749439,CF9DF8E8-166F-4110-A67F-7DD1D034938B,0 days 00:00:08
14CD4307-7F24-4220-ADA9-3BB389749439,D45BC14F-6093-4587-ADB5-1754E3253A30,0 days 00:00:12
14CD4307-7F24-4220-ADA9-3BB389749439,D74B3ED1-287E-46D1-A219-81B52D39F3EE,0 days 00:00:33
14CD4307-7F24-4220-ADA9-3BB389749439,D76D79F3-EE44-4A9F-A77A-538CB686B5D7,0 days 00:01:30
14CD4307-7F24-4220-ADA9-3BB389749439,DAD273A3-CAD6-4890-8012-1B17D17C1C9C,0 days 00:00:18
14CD4307-7F24-4220-ADA9-3BB389749439,E5A6C527-0906-42BB-A1B4-2EA728C768BF,0 days 00:06:16
14CD4307-7F24-4220-ADA9-3BB389749439,E815976A-54CE-4F5B-BF26-22ADA2CBF425,0 days 00:00:56
14CD4307-7F24-4220-ADA9-3BB389749439,EA0D3DCD-E6E7-4C91-A517-23139BCC0409,0 days 00:00:51
14CD4307-7F24-4220-ADA9-3BB389749439,F06F350E-ED90-45BC-80C2-423F4A64ED8C,0 days 00:00:11
14CD4307-7F24-4220-ADA9-3BB389749439,F79ABF04-191E-4DED-9BF9-8D4FC61136E1,0 days 00:00:07
14CD4307-7F24-4220-ADA9-3BB389749439,F82888EA-47E3-4D8F-87A0-3E3D42429185,0 days 00:00:04
15B80863-61B4-4B09-9968-9AB6CEA2748C,D2FF5127-CA30-4A12-9C71-563114AF44C9,0 days 00:01:27
1654C6DD-4617-4FE6-B210-6E51290D9FF3,60BB66A5-0A49-4EBE-87BE-82ABE9F46DF8,0 days 00:00:05
17349E9D-8DFA-4E90-8AD8-5C6C46C0F8F7,77FDED62-5E73-4B12-BA77-ECF91AE5AF40,0 days 00:26:04
174EBC88-2D6B-456C-9638-3C528F317DFE,502708DC-EF85-4939-91A3-F9C1625D9598,0 days 00:00:38
179AA551-F648-4093-BB42-1AACD45866E7,7337C642-F9F2-4927-BBFC-CC757EE4817D,0 days 00:11:04
17D74013-E4CF-4DEA-869D-0D1BB0A5DC4D,60657D85-2ECF-422D-8E40-4D33B462FDF6,0 days 00:16:19
185CBA28-DBE1-4791-AE26-97C255999BFC,F9BA9142-CEC1-4B96-A411-2CB4DAB64941,0 days 00:10:27
193AD8E0-7B2C-46B0-B09C-AB908E620552,8142557D-E154-46F2-873C-DE254850123E,0 days 00:05:10
19DD1716-20D8-4AFE-80AE-42D13F7A8056,29BD5012-A7AB-4CE8-88ED-BFF38BE026B7,0 days 00:00:08
1B1D67A6-36E5-4CC7-9C5C-6A1C781FD867,D4B3124A-C8B1-4433-9F1C-B310FC6AD43D,0 days 00:00:00
1BB890C1-02CB-403B-B4E7-6A0A129878DB,01CEEB9C-A3A0-4EC0-8290-2DE222AEDBD3,0 days 00:00:02
1BB890C1-02CB-403B-B4E7-6A0A129878DB,19AF263D-43D3-4B68-8397-1FE77CAC069A,0 days 00:00:16
1BB890C1-02CB-403B-B4E7-6A0A129878DB,49BA2C52-AFE2-4641-AB7C-12985AE13C22,0 days 00:01:31
1BB890C1-02CB-403B-B4E7-6A0A129878DB,4CC1CEA8-0A42-4FFC-BE83-6812E1A08899,0 days 00:06:17
1BB890C1-02CB-403B-B4E7-6A0A129878DB,535E35F5-83AD-48A3-833E-DE002FC2268A,0 days 00:26:23
1BB890C1-02CB-403B-B4E7-6A0A129878DB,5F6B72DC-2C8F-4915-A218-A483553897E5,0 days 00:00:04
1BB890C1-02CB-403B-B4E7-6A0A129878DB,6F994976-6A7A-4600-905A-21ABAF1E174F,0 days 00:00:08
1BB890C1-02CB-403B-B4E7-6A0A129878DB,80961DA6-08CA-431A-91F8-496D3EF5BB54,0 days 00:02:35
1BB890C1-02CB-403B-B4E7-6A0A129878DB,826FD80F-BDE0-4C95-8F93-AB7B1194D5F1,0 days 00:02:20
1BB890C1-02CB-403B-B4E7-6A0A129878DB,B682794E-AA1E-4D42-A70F-5978B4D9101F,0 days 00:00:00
1BB890C1-02CB-403B-B4E7-6A0A129878DB,C62AB87D-D6AC-43B2-AF6C-AB55F5951FCD,0 days 00:00:20
1C1E4E77-8D68-4FB5-ACE1-B3FD89806D67,890ACBB9-887C-41ED-928D-3ADAC281381D,0 days 02:18:32
1C1E4E77-8D68-4FB5-ACE1-B3FD89806D67,8D46A6CA-FCC4-4D5D-B09A-FDEB28FC6A2E,0 days 01:27:43
1D896787-1FBC-4956-81E9-F9029B568710,433317E2-0D78-4247-8074-A530465C667F,0 days 00:00:35
1DE17A78-69C6-4055-B4DF-C78B44B8B515,5ADD8274-EC5C-450A-9D65-E52EDA0E12AC,0 days 00:03:47
1E476A84-5A59-4B48-A5E3-CB6BBBFAD506,60657D85-2ECF-422D-8E40-4D33B462FDF6,0 days 00:00:35
1E7751CE-3407-47BF-B3A1-269790D650CC,CBA73EC8-23F1-4593-AB1A-A1031BEFBFEE,0 days 00:00:46
1F8135A9-BE7D-48EF-B8B5-AC0CF0DF95FF,AA7FA940-0749-4B24-99AB-2E1EA6E56D48,0 days 00:00:37
1F8135A9-BE7D-48EF-B8B5-AC0CF0DF95FF,C6C4F8AC-4D0B-408D-9557-80013A3860E1,0 days 00:09:38
1FA7CCE8-14F5-4323-8389-CDA86FA1A7E0,D5196091-074D-4C23-95CC-B818BA1712ED,0 days 00:00:21
2103A572-509B-4C1A-86E0-0B6E2478422A,4F4EB160-2521-4320-9A2D-11755F8C6DFD,0 days 00:02:56
2103A572-509B-4C1A-86E0-0B6E2478422A,D0B48A2E-D1F2-4F59-B222-EB6224795A27,0 days 00:00:16
22863AEC-2774-47C7-B1D7-C6EE2006CD5D,CCDDF9D0-2F2A-4C59-98BE-5C26D56075EA,0 days 00:00:25
23898721-6F1F-4E50-9C01-5276C06D131C,98343E96-76BB-4130-B1E0-410C0D5D1DA6,0 days 00:01:25
23B15A9F-7017-49DE-8B85-13CCEE5E17F4,D47D6E6C-9B0C-44C7-88C9-77BBC8C88077,0 days 00:31:16
24FACE10-2301-4212-9546-84209C103A6B,88712D63-7F11-4656-AC46-0382875E34CB,0 days 00:08:35
26AE80FE-0116-4CE4-931E-5692C58FE52E,96C7338D-7D41-4090-A38B-3962B832CE55,0 days 00:01:23
29EF0FD9-2B9E-48F0-AA63-28E6A14D6233,6ABD744A-0AB7-4163-A983-248E01A14429,0 days 00:00:09
2BE5D4AD-5BF4-465E-8DC2-8CF9BB37CF53,799B3536-0F1F-430A-BBA5-098EB6A39F8E,0 days 00:02:17
2BFEC3E6-3892-429B-9727-F9879D603C98,254DBF60-F2A8-4DA2-AB6C-C0641A5B05FC,0 days 00:02:11
2CA72A5A-D482-4A53-B87F-D3CCE5C26B88,11465C6F-50BF-4DC4-83A4-D78F94CF976E,0 days 00:00:31
2D1916F0-EAB0-44EF-8035-494F0D71FD70,85618D03-FED8-407B-9BD8-0F90537A4869,0 days 00:01:52
2D198438-2040-4E61-9BA5-B6780678FD1D,197D14CA-3330-426C-9D9C-9E4C4D8C6701,0 days 00:00:39
2DCB9019-69B4-4F42-8DD1-FDAF69AD9F6B,21B43CF5-0308-4BA9-95AF-57B34F73A6F6,0 days 00:00:48
2DCB9019-69B4-4F42-8DD1-FDAF69AD9F6B,8FABC118-429D-447C-B769-E72ED73FD130,0 days 00:00:51
2DF8A23C-4CF1-469F-A769-25AE4A360482,7AB4F3E3-525E-44CF-B82E-A6F054DF0B31,0 days 00:02:52
2EA81AAC-6B7F-4EA6-BF27-CEDF2893093E,A0234EA2-742A-4E0F-A4FB-6C93E7EA4015,0 days 00:02:24
2EDC5911-A82D-4B24-824C-02D0C22BFB51,0C55C121-F406-4EFC-AD60-C930DBC8E129,0 days 00:00:37
2F3EE4A7-6977-4F3A-B7C3-E27CC9FD48B5,5636971D-F277-43C1-843A-2F0F4FB868AF,0 days 00:09:49
2FB6C2B5-1CB1-49C0-B7B7-EFA875357274,A11391F7-3E4E-4978-8042-A5851F71282B,0 days 00:01:08
3070C4D9-20C9-4D0E-AD0C-605A34CF65DE,A5C43001-1224-458A-B5DE-C03857B3FCB7,0 days 00:08:12
3070C4D9-20C9-4D0E-AD0C-605A34CF65DE,F677AFC5-55E6-405A-9B11-82735F88A77B,0 days 00:07:22
30F493E1-5D90-4953-B896-1B19BCD5D201,142600FB-C182-436D-8E0B-CB370986FBE0,0 days 00:00:31
31CEF070-0777-43EA-A8B1-39AEF30ED4CE,28AB9783-FD77-4E14-B520-A681B32D055F,0 days 00:03:30
32A11744-A0E9-46BD-8FA0-5D4432EB36ED,01E78622-B773-43C9-A583-91B73B00F44D,0 days 00:01:56
3354A5C1-24C3-4D6B-BA30-238E30D696F1,9BFAB8C4-38B2-4590-B1D2-BB0428C6CDD2,0 days 00:01:02
347BF271-70B9-4B65-AF0F-9480A4AA862D,95100578-46F8-4BCD-9D9C-895B1CE97901,0 days 00:00:46
371164B4-DAA1-4930-A05F-02043FC3D097,DA6097ED-B9CB-4516-9956-F0859CF50F68,0 days 00:00:02
3A89AC8C-9489-4BF1-9333-CB159597E23A,22C62BCD-1042-4154-AC28-19AB31045B7F,0 days 00:00:13
3ABE7FD8-0FCB-4A0B-9D6F-5C4BD6D77C0F,B9FD760C-9343-4AD3-9677-67734E78B983,0 days 00:00:34
3AD3A3BE-12E5-4F5F-B9CE-B50064E35C59,244525A6-F23E-4DA9-AFC9-7983747BDE42,0 days 00:02:02
3B510E17-714E-41FC-BBDB-B75067F516B6,6A30325D-16E4-462E-BF3C-55FC627A4E5D,0 days 00:00:40
3B8C0C15-DEC3-4EB8-AF40-6AFE3D75E3F4,7B75343B-7569-463D-8E27-821E711FB96E,0 days 00:00:00
3BAEE207-C94D-4E6D-B2A6-70D98EB8AC2C,6E2D10A6-9A5B-41E8-AE3E-F1E9CEA11468,0 days 00:08:50
3BAEE207-C94D-4E6D-B2A6-70D98EB8AC2C,88712D63-7F11-4656-AC46-0382875E34CB,0 days 00:03:01
3D20DCF5-608E-4BAB-813A-E5BA1E406C8D,82BE5B3B-2449-4F67-B320-18C5884CF07A,0 days 00:09:43
3D9DACA8-1EAA-41F8-B5F1-43139C0D1AED,A9E2961F-7149-4A76-B5AD-C075DFE9AA0B,0 days 00:00:07
3E439CE0-1E74-408E-979B-4EF89EFE2E00,B184DFF7-4977-4D66-BE0B-ADCB99943FDE,0 days 00:00:12
3F08E1CD-0031-4E89-96A9-F9584D34DB10,38F9DE9C-BA32-4AF0-93F5-D814D970648D,0 days 00:00:11
3FCF549F-A62F-43D1-A06D-ED1A2036408F,452F0C02-1E3D-4744-8CAA-8036927A2EBB,0 days 00:00:04
3FCF549F-A62F-43D1-A06D-ED1A2036408F,55348E79-AFFB-4CC1-B603-CA99E8E2AF7C,0 days 00:00:09
3FCF549F-A62F-43D1-A06D-ED1A2036408F,5C20B6F9-5AE3-497F-95FE-8C6B82CD8A94,0 days 00:00:06
3FCF549F-A62F-43D1-A06D-ED1A2036408F,BAEAFF0C-49D1-497F-8E79-F3D8A501F6F7,0 days 00:00:04
3FCF549F-A62F-43D1-A06D-ED1A2036408F,D846C04D-75FA-4F4B-90E6-5A5592D8EF59,0 days 00:00:05
3FCF549F-A62F-43D1-A06D-ED1A2036408F,EAD8B94B-9543-4046-B72E-B92D78846736,0 days 00:00:07
3FCF549F-A62F-43D1-A06D-ED1A2036408F,F9BA9142-CEC1-4B96-A411-2CB4DAB64941,0 days 00:00:03
40EC5AFC-31E2-4867-B765-6130241F90D8,42ACE7ED-C8F3-4DD8-8CB2-22AB0E848FCC,0 days 00:00:54
41467F66-C960-404E-AE30-935C3E09C364,C7E36374-8626-472B-AEE6-EDA94D5F38FA,0 days 00:00:58
420EAB1B-9473-40C8-8C58-B7E9D75971E1,A83FC2B8-3769-4F0A-9A57-796583AB8587,0 days 00:05:35
4461E39F-6E03-47F1-875F-1A003A90752D,890ACBB9-887C-41ED-928D-3ADAC281381D,0 days 00:18:15
45EF1435-C26B-414F-A6CF-E501087901DD,1C1D2F52-218B-4824-AD74-2A8452145E6A,0 days 00:31:25
48CF2FB1-C370-49A9-8CDB-DB58E5F51A3C,12AF0608-6DC9-497B-90F9-6A9AF7D93AA3,0 days 00:00:04
48E23362-A0E6-43CD-AF76-D7C2974BF1D4,DB607B3D-7A35-4188-B438-95507B0D5068,0 days 00:00:26
49094223-AABF-4725-969D-CB2C5A194DC3,8EC13664-2062-4684-97A7-C4FA6AD32529,0 days 00:00:32
4B069350-A920-4CDF-BB08-2BB46815EFFA,89E4515A-525B-4D1C-855F-6E3555122B17,0 days 00:05:27
4B6A666B-B01F-43C2-A10F-C2907A6AE3E7,611E0009-A6C8-45B1-B580-142929B4E599,0 days 00:04:17
4C4214C3-BA29-40FD-8383-DFCC1516C199,9A31BA6C-609B-4E1D-ABEC-33323E4072A9,0 days 00:00:33
4C812768-B968-4DBA-8CBD-29493F7A70A3,1997F695-44FF-4570-BF5D-882F5286AE77,0 days 00:01:35
4C8D4B24-E312-414B-9947-AD9DAAE83315,E837F2B1-6BEC-4D87-8D28-CABC01F1E2D1,0 days 00:00:00
4D058F6D-5D41-4404-9677-24CBFB5C43B1,019C568C-7FD0-47B2-BFD9-7F444023EBE4,0 days 00:01:13
4D64C14D-F77B-4AED-9965-037F6BA166B7,3A2CF912-6E21-43D6-8900-DC5C13C3C370,0 days 00:00:49
4D64C14D-F77B-4AED-9965-037F6BA166B7,66399265-91E3-4FFD-BD71-56A2E1A8DEA7,0 days 00:05:31
4D64C14D-F77B-4AED-9965-037F6BA166B7,D569CD40-475A-4A7B-9376-CCD94AAFD907,0 days 00:01:15
4E431754-F453-45F8-BD12-23EA917B087B,83CDA546-7A2E-4DBA-9268-4310D077D7C2,0 days 00:01:36
5093639B-B5C0-4CEA-BED6-96BF4DF2F0E0,2101ADEF-F8F3-46D4-8CB4-6BD9EBBBBC57,0 days 00:01:50
50D19BFA-BE9A-4BEB-8C16-2AAAEA1500A8,C4560B6E-1C0E-4426-968F-370F674517CD,0 days 00:00:06
5167F5C3-32EA-41EA-8076-C4400C3F94D8,164B20C5-2343-47F1-884F-6557E25149FD,0 days 00:03:14
5167F5C3-32EA-41EA-8076-C4400C3F94D8,5636971D-F277-43C1-843A-2F0F4FB868AF,0 days 00:19:00
5167F5C3-32EA-41EA-8076-C4400C3F94D8,6C338581-3836-4C1E-86B7-A315BA958AFD,0 days 00:10:04
5167F5C3-32EA-41EA-8076-C4400C3F94D8,6FCD51FD-AEC4-442D-8049-8938B8168126,0 days 00:00:24
52574E11-D65F-46A1-97AA-6F575ECF3EF5,F771174C-9379-488D-802C-D1DB2B89472F,0 days 00:30:01
54A66FC2-388B-4F66-AF18-A3E23A3F08A6,B2B8927E-3F14-44DA-A3DE-80A1BFB73914,0 days 00:01:15
560386E1-7301-4BBF-A41B-A25F96ACB756,412BE9F5-523F-4583-AC76-294E63DCD7EE,0 days 00:11:32
581FB0CD-7E17-446B-B870-7A91D79540D9,822927F5-979F-4999-BF65-1AB29AA8AAD0,0 days 00:11:24
581FB0CD-7E17-446B-B870-7A91D79540D9,83E60AD4-CA24-4298-89B9-EDA43A970254,0 days 00:40:19
58369D49-5B9B-4BF3-B82E-99907A82FC53,F3FCD84B-1D4D-48D9-BD52-91383A89107A,0 days 00:01:06
58A50157-CEE9-4398-B1F7-90D4E87419CE,11465C6F-50BF-4DC4-83A4-D78F94CF976E,0 days 00:32:20
58A50157-CEE9-4398-B1F7-90D4E87419CE,61437F2E-7768-44BA-AE94-85F5426BC8CC,0 days 00:00:28
58DA7A34-C2CD-4628-A6DC-E152398C7E50,846C304D-39B2-40A1-80C5-B96AA3C8FB22,0 days 00:01:31
59C457E6-EDF5-4592-8BA6-C46118BE43DF,DA4CDCD2-E95C-4B96-9450-A835A09EBF04,0 days 00:00:37
59F00AAD-5762-424B-8635-1544C6412CAE,5E7A29AC-88FC-47C0-B76D-34FF52261C2D,0 days 00:04:31
59F00AAD-5762-424B-8635-1544C6412CAE,B7B061BA-F583-4142-BD95-B941CD687DB6,0 days 00:17:38
5BA9E4E7-8564-4593-94AE-4E1A8E86769F,C9697B17-FDC2-440D-BDBF-708435C3BB95,0 days 00:01:29
5BC4A197-C4C3-4C44-90D9-E701D8B25655,2158B066-6EBD-4C0E-BBED-AE86753013AC,0 days 00:29:10
5BC835F2-5ED6-45AD-8ABC-B3A9D8520755,679ABA46-CFF7-4823-BCA9-AEEBBFF99E6C,0 days 00:00:20
5C736F00-D28A-40E8-8745-C664BF9F364D,630BB1A9-04DB-47E7-9198-872B5FA0AA77,0 days 00:00:37
5DF64E9F-E2A6-49E7-B55F-7364CB225606,B1A0C3CA-A01E-4957-A9FB-E4C82520253F,0 days 00:03:37
5FAF8890-D470-4510-A292-F1635701CEFB,611E0009-A6C8-45B1-B580-142929B4E599,0 days 00:00:31
602585CB-4AA9-4944-8BDE-4AA01A448AD9,1E3DEA6A-69B6-49BE-8465-9E0758351292,0 days 00:00:38
63691BDF-933F-41EC-A67C-F96D9DA32169,10236DC5-42A8-4A59-BF51-6D0F61184625,0 days 00:00:28
63C21933-E831-423D-8A49-218041B0A4B4,3DAD9472-12B6-4581-940A-674F59347C2D,0 days 00:02:06
6432570C-2514-4F86-9D8E-60E89FA857A7,67C9DADE-09C6-41E8-8CB6-AA6D1846E447,0 days 00:00:13
647928DE-C50B-4224-8624-91B1BEE9C790,CD886D50-C8F3-4582-AB8D-D32E0CF35D1B,0 days 00:02:23
64E3347D-C153-412F-9D41-057139387CDD,996D779C-5B57-4576-87FF-FD8B9F4FFE35,0 days 00:07:45
652A9820-091D-43CC-89A7-4639477F76A2,0EB0FC7E-BC25-4E71-B2D1-A1D0CBDFE8B1,0 days 00:00:07
654A1462-62F8-4D97-8320-762F8E1CEFB8,C19BC284-71B4-4272-B8CD-D288DC725D1D,0 days 00:00:21
6623E845-67F8-4F55-B688-306ED3F70A66,17BDA5D1-C599-4D1D-B8D0-063670E9B124,0 days 00:03:40
66863A60-242F-466C-B5C2-F505C1893C17,8A23049A-F2D5-41EF-A002-54F10F4A564B,0 days 00:09:48
68604DD5-3C89-4886-8E0E-C9C322214275,6BF953BF-302A-4F37-B6D6-BF6D63BA40E9,0 days 00:00:07
688E33C4-69C9-4601-926E-37D299AECCDF,10236DC5-42A8-4A59-BF51-6D0F61184625,0 days 00:00:05
69DD5AD4-1BA0-498D-B42C-4FC3B15BC9B3,B91DD98B-55E9-40F6-B9CA-518CC252BF0B,0 days 00:01:57
6A2CA304-6B96-4740-BD61-5C601A138069,C5B29649-149A-484B-9956-68CAF82AAAD9,0 days 00:00:09
6ABDF934-6DB9-4B26-9739-C76553A0BD86,8843CF33-7044-4292-A140-B8CEBE563E73,0 days 00:00:13
6AFF30EC-1421-40E1-9969-3B8C70B8F83A,4AA32C2D-58DC-4BFC-B38B-48FD8BAFDA23,0 days 00:03:26
6D08C3F5-C6BA-423D-B082-C4CFB83FD809,27BDBC7D-E4AF-4A57-AD49-1D402701891E,0 days 00:00:12
6D3E2A76-146B-4922-9276-519E996ADC50,95100578-46F8-4BCD-9D9C-895B1CE97901,0 days 00:01:00
6FE4120C-748A-42C6-8BB9-BE743D4B6F01,29914111-1CF9-40A2-A1FC-569D0076EA6B,0 days 00:00:05
7287ECCD-80AA-4B11-9DE2-7629ED9B9CA4,8A85A106-B44C-480B-AD83-F5CB2FDEF0B5,0 days 00:00:42
72DB100B-40C3-48F9-976A-B80A72A41059,FEC80501-7712-4274-A5F8-5FD4B8DC8555,0 days 00:07:11
737B6045-6F13-4E56-BBD2-2A001A49D5FB,47732973-9D74-4066-A653-E5075F1CBFCE,0 days 00:00:22
74B8271D-BE10-4248-9C8B-FB5BF2DFD93C,8D46A6CA-FCC4-4D5D-B09A-FDEB28FC6A2E,0 days 00:13:11
74F87451-CE6A-4E58-AEE2-678E8DB7D4A3,2176B398-0097-48BC-BCFE-01910239809B,0 days 00:06:05
74F87451-CE6A-4E58-AEE2-678E8DB7D4A3,9EAE6585-D462-4746-8399-E4FB629331AE,0 days 00:01:31
75441D50-48F5-46B3-AD2F-B405ECFFFBFD,71A4517C-B358-477C-92FD-C95CE52D887D,0 days 00:00:02
75441D50-48F5-46B3-AD2F-B405ECFFFBFD,FCB63A06-7C32-4766-B900-56F173F5C11B,0 days 00:00:09
76791AD2-E7EF-418E-89DA-4FA764C2276E,88712D63-7F11-4656-AC46-0382875E34CB,0 days 00:01:31
7981888A-FFCE-4220-94FD-990B20935814,7C22D360-4A52-4680-86EB-A5AED537D649,0 days 00:10:55
7C6057CB-1871-4E39-A774-14863118F4DA,3DAD9472-12B6-4581-940A-674F59347C2D,0 days 00:01:26
7CD2D84C-848C-42F0-A145-3C67123B693B,F4CD979A-994E-4E14-A612-75D0929A8A84,0 days 00:02:33
7CDFC0F0-5668-495F-8503-A2352707F681,29914111-1CF9-40A2-A1FC-569D0076EA6B,0 days 00:00:00
813A75F3-CBF8-47A3-A2A5-A68A1673094C,242E5344-965B-4D32-94B4-B662D15ED7F4,0 days 00:01:22
8145172F-C1ED-4D50-B527-BDB397A9A309,3AADAB4D-7C6C-4C0F-A61E-11642E14A781,0 days 00:00:05
8145172F-C1ED-4D50-B527-BDB397A9A309,936DA27A-823B-40AC-8B3C-F84B33DD4490,0 days 00:03:47
8145172F-C1ED-4D50-B527-BDB397A9A309,F36EA2F8-8736-4334-8D67-12945460B806,0 days 00:03:56
83A0EF1A-B688-49EE-A2E4-24DCFAA8771F,39DDAE75-7A57-4FF9-B650-B62191412B59,0 days 00:19:28
83A0EF1A-B688-49EE-A2E4-24DCFAA8771F,44BC7081-FCC8-42FA-97B1-DF29070F42A4,0 days 00:01:02
83A0EF1A-B688-49EE-A2E4-24DCFAA8771F,FC7616A0-A7CE-4461-9F83-9CE2853F0539,0 days 00:00:43
840A3147-D9BA-40F4-A5AE-BEB032A7B557,AB95D350-EE16-4EC0-B872-7D1CE18081FB,0 days 00:08:41
8534ECC0-5B4D-4166-BF0B-FF22ECBFF85D,5B523729-46D1-4C55-962E-B828BADC5034,0 days 00:02:44
8602DCF1-CD21-4951-BB6B-992611A73FFA,FCB63A06-7C32-4766-B900-56F173F5C11B,0 days 00:00:40
867F0CD6-796D-447F-B3A6-81A58E02F75B,9B07EE00-B899-4ACA-968A-814D58302645,0 days 00:08:01
867F0CD6-796D-447F-B3A6-81A58E02F75B,C2E7FA1F-B1DD-4FAD-82E4-86549FB94869,0 days 00:09:56
8A75AE47-64FC-4F0D-AC7F-D1EF942CF2E8,846C304D-39B2-40A1-80C5-B96AA3C8FB22,0 days 00:22:14
8B01C82B-3716-4AA2-9707-362B9285172E,9BCA7591-60DC-4273-ABAB-A4064CB4B047,0 days 00:00:57
8BA18111-6B73-45E6-87FC-0E0DC7A3B390,77FDED62-5E73-4B12-BA77-ECF91AE5AF40,0 days 00:01:03
8BA18111-6B73-45E6-87FC-0E0DC7A3B390,7BD880CA-2F63-4FFB-B9DF-E25813D02BD5,0 days 00:02:29
8BA18111-6B73-45E6-87FC-0E0DC7A3B390,B1A0C3CA-A01E-4957-A9FB-E4C82520253F,0 days 00:00:22
8BD4A0B6-DE24-4712-8FDB-39160984D734,5694D1E2-77E6-4203-8356-E03A1B0CDD38,0 days 00:00:11
8BEFC509-DA9C-4CC9-965C-F07755A2F38D,3DF3E53F-B28C-4A8A-B698-70CA3AE6F6A8,0 days 00:00:12
8CC896F5-B59D-4E3D-B023-0AA8035AC17C,0E9B276F-C75C-41D9-9F64-0812F1DD47DD,0 days 01:10:31
8F462220-9166-4BA6-A934-D093EAF2DA2A,61437F2E-7768-44BA-AE94-85F5426BC8CC,0 days 00:06:46
8F462220-9166-4BA6-A934-D093EAF2DA2A,BCB0245D-BA6C-4229-B68D-99897D3E22BF,0 days 00:00:45
8F462220-9166-4BA6-A934-D093EAF2DA2A,CF354644-2F47-43FE-8951-2070E8C8C01B,0 days 00:00:33
8FFDAE1E-B618-4A23-839A-26AAD1BDA061,ED89F9F0-7AEC-4B15-B224-15549CE57CDA,0 days 00:02:53
9116AD31-4838-4464-8996-AA3F9B44B707,7BDE7865-2C32-4DC4-B87C-04E68C6762F7,0 days 00:00:22
9116AD31-4838-4464-8996-AA3F9B44B707,8E90BD19-4B27-4C5E-9B62-B149D89AFEC1,0 days 00:00:20
91634EA8-9C47-48BE-B582-E0DF853B987C,B208060D-D323-403C-9C4C-69B5CF39F5E6,0 days 00:00:23
917ABF15-E66B-441D-966B-540F2F6E49DC,23C57AAE-5593-43B7-B53C-9DDA11DA676F,0 days 00:04:13
92047F1B-5F06-4E25-8979-3E8640BE5840,3BA95C2E-5E2F-49A4-8F06-F301E9D805BE,0 days 00:53:12
92047F1B-5F06-4E25-8979-3E8640BE5840,41AAE9BF-B0E1-49BC-9D1A-6773E6F693BB,0 days 00:01:41
92047F1B-5F06-4E25-8979-3E8640BE5840,966905AC-6DCD-4D2A-94AF-518538D319CB,0 days 00:06:20
9274FD34-B74C-46F6-B561-53F764C59030,1997F695-44FF-4570-BF5D-882F5286AE77,0 days 00:00:15
93BBFE6B-76DE-4E24-9075-D473453CDC28,5DB3F37E-CF33-45D4-9C16-809DE0EBDE19,0 days 00:03:17
95DD0E61-9707-47F3-B046-B584743D17CA,AB7530DB-D8D2-4CF7-ABC3-25C4F6B26CAB,0 days 00:00:12
96AA0D58-3B40-4260-8A3F-F62EE14F06E0,082130A9-7B65-4808-A5DB-2425F0947CCF,0 days 00:29:02
97E274D2-20D0-4E5C-8716-AF638466CA49,68670075-5F53-431C-B099-6C1132874216,0 days 00:03:22
97ED7281-68DC-4CC7-8EC5-D258ED2F83B0,F96BEC98-5B1B-4F17-9EB7-16E281DA5B09,0 days 00:00:01
993076A4-EDB3-458D-8A7E-203ABC2CCBA2,D1BECE7D-216C-4D43-8A61-586409237B6B,0 days 00:14:17
9ABEFF2C-31F5-410D-93B2-C73AA9578E05,003AF1F4-8553-4819-8DD9-A0DD7A7525BE,0 days 00:13:34
9ABEFF2C-31F5-410D-93B2-C73AA9578E05,019C568C-7FD0-47B2-BFD9-7F444023EBE4,0 days 00:30:22
9ABEFF2C-31F5-410D-93B2-C73AA9578E05,05756E6E-E1E9-49E5-ABDC-3E056B44FE04,0 days 00:03:34
9ABEFF2C-31F5-410D-93B2-C73AA9578E05,06121F5B-634B-44DF-A98C-98F9EECC85C7,0 days 00:09:33
9ABEFF2C-31F5-410D-93B2-C73AA9578E05,0C21DCE0-82C3-4698-935E-1F470134C4A6,0 days 00:00:31
9ABEFF2C-31F5-410D-93B2-C73AA9578E05,0C8811A1-5AB8-4205-9C3C-88A5C418EDD4,0 days 00:01:54
9ABEFF2C-31F5-410D-93B2-C73AA9578E05,0ECFA1EE-D44B-4F40-AE04-4B9A04025360,0 days 00:00:57
9ABEFF2C-31F5-410D-93B2-C73AA9578E05,0F9EF39F-123F-45E1-B138-91377E407DB0,0 days 00:02:51
9ABEFF2C-31F5-410D-93B2-C73AA9578E05,0FA5D8DE-E268-4CC8-90C9-F2B098DEC2DB,0 days 00:00:53
9ABEFF2C-31F5-410D-93B2-C73AA9578E05,0FDCAD2A-A92C-4992-820C-CB85418D0801,0 days 00:01:35
9ABEFF2C-31F5-410D-93B2-C73AA9578E05,0FDD4E6F-2916-436E-8A27-B851F461AE6B,0 days 00:01:06
9ABEFF2C-31F5-410D-93B2-C73AA9578E05,13C1B314-E160-4DBF-BB81-AC90BF2F4A2E,0 days 00:00:28
9ABEFF2C-31F5-410D-93B2-C73AA9578E05,17BDA5D1-C599-4D1D-B8D0-063670E9B124,0 days 00:03:16
9ABEFF2C-31F5-410D-93B2-C73AA9578E05,17DC66C2-52D5-4AE8-ADB4-491D9E767784,0 days 00:06:59
9ABEFF2C-31F5-410D-93B2-C73AA9578E05,1C7FDB97-56D4-4FB3-9C1A-B1B9E609D8C1,0 days 00:00:27
9ABEFF2C-31F5-410D-93B2-C73AA9578E05,1D5B5EFC-C902-4B41-A5F9-46E2A51BEE22,0 days 00:00:29
9ABEFF2C-31F5-410D-93B2-C73AA9578E05,1EF67A74-7392-4D0E-83BD-857C5A3B0C6F,0 days 00:26:09
9ABEFF2C-31F5-410D-93B2-C73AA9578E05,1FCC8644-9ABC-4AF2-80E2-0796BAC6557A,0 days 00:01:01
9ABEFF2C-31F5-410D-93B2-C73AA9578E05,2338CF73-BCE3-48B0-AC2F-A374A88F0A1F,0 days 00:09:01
9ABEFF2C-31F5-410D-93B2-C73AA9578E05,23C57AAE-5593-43B7-B53C-9DDA11DA676F,0 days 01:13:11
9ABEFF2C-31F5-410D-93B2-C73AA9578E05,28A831BB-D73C-44D3-A639-9D91E0513C5B,0 days 00:00:12
9ABEFF2C-31F5-410D-93B2-C73AA9578E05,2F0CB324-CA92-43B6-9690-E80537843BAE,0 days 00:00:07
9ABEFF2C-31F5-410D-93B2-C73AA9578E05,31EB7925-1949-462E-95C7-C51C7D7E0F4E,0 days 00:00:19
9ABEFF2C-31F5-410D-93B2-C73AA9578E05,33D69545-BEDE-45A3-9540-E81A32B794C0,0 days 00:01:06
9ABEFF2C-31F5-410D-93B2-C73AA9578E05,3524E7F3-8890-4EC3-9568-13A0A05AD655,0 days 00:04:46
9ABEFF2C-31F5-410D-93B2-C73AA9578E05,39B5B253-25A9-4011-A158-12742E852A0B,0 days 00:03:48
9ABEFF2C-31F5-410D-93B2-C73AA9578E05,3BC5DCA1-14B7-4F5C-B544-645940499B7E,0 days 00:00:18
9ABEFF2C-31F5-410D-93B2-C73AA9578E05,3DC1B570-8AEF-45C0-BC86-B340F3793E3D,0 days 00:00:59
9ABEFF2C-31F5-410D-93B2-C73AA9578E05,4106979A-3DE7-4C14-A87D-1773FDFA7375,0 days 00:01:17
9ABEFF2C-31F5-410D-93B2-C73AA9578E05,42AA98BD-BAE9-4C75-859A-6D3439BC0B29,0 days 00:01:37
9ABEFF2C-31F5-410D-93B2-C73AA9578E05,42BDAFBA-1A31-4221-BC03-F080B024506D,0 days 00:02:12
9ABEFF2C-31F5-410D-93B2-C73AA9578E05,463A718E-0643-410F-B80A-3B13F454D71A,0 days 00:00:00
9ABEFF2C-31F5-410D-93B2-C73AA9578E05,47121588-A3C1-49E7-A830-E8254924FEB5,0 days 00:05:53
9ABEFF2C-31F5-410D-93B2-C73AA9578E05,497184F2-E213-4007-8250-83D0FD9B298B,0 days 00:25:10
9ABEFF2C-31F5-410D-93B2-C73AA9578E05,4BE3D6FA-4D3D-4699-A6D7-6616C5EA5ABA,0 days 02:41:34
9ABEFF2C-31F5-410D-93B2-C73AA9578E05,4CC1CEA8-0A42-4FFC-BE83-6812E1A08899,0 days 00:42:37
9ABEFF2C-31F5-410D-93B2-C73AA9578E05,4CE6D72E-BAFE-4FEF-A94A-099BE95632A1,0 days 00:02:16
9ABEFF2C-31F5-410D-93B2-C73AA9578E05,526D8654-C392-4114-9078-914828F2081C,0 days 00:34:50
9ABEFF2C-31F5-410D-93B2-C73AA9578E05,56297188-3E70-40D5-A674-45F8195DD11A,0 days 00:01:32
9ABEFF2C-31F5-410D-93B2-C73AA9578E05,5636971D-F277-43C1-843A-2F0F4FB868AF,0 days 00:00:05
9ABEFF2C-31F5-410D-93B2-C73AA9578E05,56464D93-613C-4AD8-A5B0-18B3AF37EEF5,0 days 00:02:20
9ABEFF2C-31F5-410D-93B2-C73AA9578E05,5A809C18-596E-499C-9D40-A0409265720D,0 days 00:00:22
9ABEFF2C-31F5-410D-93B2-C73AA9578E05,5B481506-75BC-4E43-94EE-23D496178568,0 days 00:01:34
9ABEFF2C-31F5-410D-93B2-C73AA9578E05,5D74CD1D-1934-4F18-9E99-F226B2A53F39,0 days 00:22:04
9ABEFF2C-31F5-410D-93B2-C73AA9578E05,5F086B82-E47B-4C07-B6A5-9D12ADCA7B8D,0 days 00:05:43
9ABEFF2C-31F5-410D-93B2-C73AA9578E05,5F2E8F84-BEE9-41E0-92F0-9C66D8BBF697,0 days 00:00:27
9ABEFF2C-31F5-410D-93B2-C73AA9578E05,611E0009-A6C8-45B1-B580-142929B4E599,0 days 00:00:59
9ABEFF2C-31F5-410D-93B2-C73AA9578E05,68D05243-E9BB-454B-91C6-7F6532F365FC,0 days 00:01:33
9ABEFF2C-31F5-410D-93B2-C73AA9578E05,6B29165B-FA92-40E1-A686-D7A3026FAA56,0 days 00:00:20
9ABEFF2C-31F5-410D-93B2-C73AA9578E05,6B3F08F0-22DE-445B-9A96-F486D466DEFA,0 days 00:00:51
9ABEFF2C-31F5-410D-93B2-C73AA9578E05,6C338581-3836-4C1E-86B7-A315BA958AFD,0 days 01:03:31
9ABEFF2C-31F5-410D-93B2-C73AA9578E05,6FE90871-7FC0-4391-9F45-CE8B3A060E58,0 days 00:02:10
9ABEFF2C-31F5-410D-93B2-C73AA9578E05,704208B4-1450-4656-B467-CA0DF2F17F26,0 days 00:00:14
9ABEFF2C-31F5-410D-93B2-C73AA9578E05,77226F50-BDFE-4230-80DA-A0A7F396DE41,0 days 00:11:44
9ABEFF2C-31F5-410D-93B2-C73AA9578E05,78607087-07BC-4DF8-A641-271DCFF9FB0A,0 days 00:01:26
9ABEFF2C-31F5-410D-93B2-C73AA9578E05,7989B2CF-D1BF-4495-B9C0-F0FD3DDACE39,0 days 00:00:19
9ABEFF2C-31F5-410D-93B2-C73AA9578E05,7A08A50D-76BD-44C9-9721-0EC1EA3618CA,0 days 00:00:35
9ABEFF2C-31F5-410D-93B2-C73AA9578E05,7A6927A1-6D02-45D3-9424-AD7651A5B1BD,0 days 00:00:36
9ABEFF2C-31F5-410D-93B2-C73AA9578E05,7DCEB2FD-7FE3-4CA7-82C3-812CFE8C0D72,0 days 00:11:46
9ABEFF2C-31F5-410D-93B2-C73AA9578E05,816C910A-A2B6-4E97-B87B-B22FB8F1CE18,0 days 00:14:40
9ABEFF2C-31F5-410D-93B2-C73AA9578E05,82BE5B3B-2449-4F67-B320-18C5884CF07A,0 days 00:05:51
9ABEFF2C-31F5-410D-93B2-C73AA9578E05,82D32AAC-4B60-46F3-9A40-14A91E93C6CB,0 days 00:00:11
9ABEFF2C-31F5-410D-93B2-C73AA9578E05,890ACBB9-887C-41ED-928D-3ADAC281381D,0 days 00:06:54
9ABEFF2C-31F5-410D-93B2-C73AA9578E05,8A5982D0-0AA2-45A1-B58A-A36E78617CA8,0 days 00:01:27
9ABEFF2C-31F5-410D-93B2-C73AA9578E05,8CA402E7-5004-46AA-B782-7D7AE4E0641F,0 days 00:00:48
9ABEFF2C-31F5-410D-93B2-C73AA9578E05,8D46A6CA-FCC4-4D5D-B09A-FDEB28FC6A2E,0 days 03:42:05
9ABEFF2C-31F5-410D-93B2-C73AA9578E05,8EF0166C-D192-4583-88EE-903823912A60,0 days 00:00:24
9ABEFF2C-31F5-410D-93B2-C73AA9578E05,8FFF7FD0-AA0D-4A3E-A2ED-E55A539AA4BD,0 days 00:00:18
9ABEFF2C-31F5-410D-93B2-C73AA9578E05,91564490-3540-42A6-90CB-9C1B3AA9407E,0 days 01:27:11
9ABEFF2C-31F5-410D-93B2-C73AA9578E05,961C3C1E-79C5-4949-95BC-5577C0F17C94,0 days 00:26:40
9ABEFF2C-31F5-410D-93B2-C73AA9578E05,984B3BAE-AB9D-4B4E-94EA-FBFAC62AB783,0 days 00:00:10
9ABEFF2C-31F5-410D-93B2-C73AA9578E05,9B41482F-D6DE-4F40-B80D-6027B2FFA16F,0 days 00:00:53
9ABEFF2C-31F5-410D-93B2-C73AA9578E05,A006599E-1995-4971-B17F-9CFD737055B8,0 days 00:38:43
9ABEFF2C-31F5-410D-93B2-C73AA9578E05,A0234EA2-742A-4E0F-A4FB-6C93E7EA4015,0 days 00:00:04
9ABEFF2C-31F5-410D-93B2-C73AA9578E05,A17C34AE-9B6D-4966-B7C9-00BB7E0BF56A,0 days 00:00:18
9ABEFF2C-31F5-410D-93B2-C73AA9578E05,A1B77687-B5A6-4938-9C0E-F6288FDA143B,0 days 00:00:07
9ABEFF2C-31F5-410D-93B2-C73AA9578E05,A8434771-15CF-4D04-91DE-8B5DE750AFBD,0 days 00:25:52
9ABEFF2C-31F5-410D-93B2-C73AA9578E05,A8639E3C-9D82-452B-BBF9-119EE68E23BC,0 days 08:54:34
9ABEFF2C-31F5-410D-93B2-C73AA9578E05,A8E6614B-CDAC-46DC-B913-AE7C36EC1B9E,0 days 00:00:11
9ABEFF2C-31F5-410D-93B2-C73AA9578E05,A904235E-5F8D-48AB-89C7-D82E90D2AB8E,0 days 00:01:50
9ABEFF2C-31F5-410D-93B2-C73AA9578E05,A91E6175-759F-4D56-8E8B-46D4F652A462,0 days 00:07:52
9ABEFF2C-31F5-410D-93B2-C73AA9578E05,AAA8D8AC-AF09-41B9-899C-5857064A55B5,0 days 00:00:13
9ABEFF2C-31F5-410D-93B2-C73AA9578E05,ABC38333-2050-4894-89F5-520725A22517,0 days 00:05:01
9ABEFF2C-31F5-410D-93B2-C73AA9578E05,ACD46721-05FE-40D9-9087-FB6B42106C3A,0 days 00:00:22
9ABEFF2C-31F5-410D-93B2-C73AA9578E05,AFC08677-4235-4B7B-A591-A1B61EFDD998,0 days 00:01:43
9ABEFF2C-31F5-410D-93B2-C73AA9578E05,B022C4CE-4BCE-4918-AFA6-3B0DF8CC7A02,0 days 00:00:16
9ABEFF2C-31F5-410D-93B2-C73AA9578E05,B176E68E-1DE3-4A84-B6C5-42CA9440B05D,0 days 00:04:33
9ABEFF2C-31F5-410D-93B2-C73AA9578E05,B1BA668F-F731-40B0-87F8-F34AE1D8A5B3,0 days 00:03:49
9ABEFF2C-31F5-410D-93B2-C73AA9578E05,B2DC43BF-015A-457C-B7D3-149E88BA5C84,0 days 00:00:24
9ABEFF2C-31F5-410D-93B2-C73AA9578E05,BF03BD44-C4BA-4881-8FF9-955682345CB2,0 days 00:02:24
9ABEFF2C-31F5-410D-93B2-C73AA9578E05,C22DB7AE-F5B9-4FC0-B8C8-B63281900E69,0 days 00:02:31
9ABEFF2C-31F5-410D-93B2-C73AA9578E05,C301E2CE-CDD8-4FB7-BE47-07F95C24A277,0 days 00:01:37
9ABEFF2C-31F5-410D-93B2-C73AA9578E05,C927530E-EC3A-45BB-B42A-417FF2E17B7C,0 days 00:00:58
9ABEFF2C-31F5-410D-93B2-C73AA9578E05,CC68C413-4FDC-42E2-A711-CC528D1778BA,0 days 00:01:06
9ABEFF2C-31F5-410D-93B2-C73AA9578E05,CC95A403-E772-48A7-AE64-B1FF80F23AEC,0 days 00:03:26
9ABEFF2C-31F5-410D-93B2-C73AA9578E05,D0B48A2E-D1F2-4F59-B222-EB6224795A27,0 days 00:11:22
9ABEFF2C-31F5-410D-93B2-C73AA9578E05,D0DC5973-D362-4B12-BE62-3E9D466C1847,0 days 00:00:02
9ABEFF2C-31F5-410D-93B2-C73AA9578E05,D14A23AC-FCCF-4B30-928C-E999A5F4C747,0 days 00:14:39
9ABEFF2C-31F5-410D-93B2-C73AA9578E05,D233B678-D085-4937-B596-8E356570A12C,0 days 00:02:06
9ABEFF2C-31F5-410D-93B2-C73AA9578E05,D2363A37-047F-4355-9A80-C1DD89CEF79D,0 days 00:42:19
9ABEFF2C-31F5-410D-93B2-C73AA9578E05,D5AEF868-BC87-4541-9661-45EC59A7666D,0 days 00:06:46
9ABEFF2C-31F5-410D-93B2-C73AA9578E05,D64C9D29-D217-4BAB-886E-05B39E707EBD,0 days 00:00:14
9ABEFF2C-31F5-410D-93B2-C73AA9578E05,D76D79F3-EE44-4A9F-A77A-538CB686B5D7,0 days 00:03:26
9ABEFF2C-31F5-410D-93B2-C73AA9578E05,DAD273A3-CAD6-4890-8012-1B17D17C1C9C,0 days 00:00:28
9ABEFF2C-31F5-410D-93B2-C73AA9578E05,DD200779-FEB1-41AC-BFBF-FE58D0653608,0 days 00:01:16
9ABEFF2C-31F5-410D-93B2-C73AA9578E05,DD61AC44-8D33-413E-A973-CBFE1E788D7A,0 days 00:00:31
9ABEFF2C-31F5-410D-93B2-C73AA9578E05,DED196CB-7B21-4C49-8230-FF4749FFA5C1,0 days 00:03:14
9ABEFF2C-31F5-410D-93B2-C73AA9578E05,E008BC46-A807-404C-BD07-94A2A8290B6B,0 days 00:03:32
9ABEFF2C-31F5-410D-93B2-C73AA9578E05,E17F0E48-A4F9-448E-94B4-F93BB369FCFD,0 days 00:00:20
9ABEFF2C-31F5-410D-93B2-C73AA9578E05,E18B5C24-90AD-4116-9D52-0765F7520265,0 days 00:01:11
9ABEFF2C-31F5-410D-93B2-C73AA9578E05,E25AD8BA-F5D3-470E-9210-79E988766112,0 days 00:00:33
9ABEFF2C-31F5-410D-93B2-C73AA9578E05,E2BFEC68-D489-4421-824B-01B85EB92AF1,0 days 00:01:44
9ABEFF2C-31F5-410D-93B2-C73AA9578E05,E7BC206A-B749-496E-961C-B98AD5723825,0 days 00:00:00
9ABEFF2C-31F5-410D-93B2-C73AA9578E05,E9FB27F0-DDD6-485C-813B-3620918453A1,0 days 00:01:44
9ABEFF2C-31F5-410D-93B2-C73AA9578E05,EBE718FD-189B-494E-A633-DCA7F607FCC9,0 days 00:03:23
9ABEFF2C-31F5-410D-93B2-C73AA9578E05,F19B0544-457F-478B-9184-9390B26E3AD0,0 days 08:35:37
9ABEFF2C-31F5-410D-93B2-C73AA9578E05,F366D561-F55F-42C4-A2B4-C2819B01CD06,0 days 00:05:29
9ABEFF2C-31F5-410D-93B2-C73AA9578E05,F4479B7B-4648-4644-BDE2-1D2329CE1C2C,0 days 00:00:22
9ABEFF2C-31F5-410D-93B2-C73AA9578E05,F709398A-B31E-4BED-A2A1-C63392DC9C2C,0 days 00:40:57
9ABEFF2C-31F5-410D-93B2-C73AA9578E05,F71F6323-701C-4619-A5C1-43C2ACE7E890,0 days 00:11:38
9ABEFF2C-31F5-410D-93B2-C73AA9578E05,F76A5D56-7AFF-473A-8671-94BB84109787,0 days 00:05:07
9ABEFF2C-31F5-410D-93B2-C73AA9578E05,F83E1470-8FEB-49EF-82D0-FF2FCD2E9666,0 days 00:00:08
9ABEFF2C-31F5-410D-93B2-C73AA9578E05,FCB63A06-7C32-4766-B900-56F173F5C11B,0 days 00:00:13
9ABEFF2C-31F5-410D-93B2-C73AA9578E05,FF57CFE7-2FCD-4DD1-A545-BA50BCDBE078,0 days 00:10:57
9AFD4E2C-7C69-4933-917B-A480A07BDED1,172BC42F-8634-4568-889B-F5AEFD8624BC,0 days 00:03:53
9AFD4E2C-7C69-4933-917B-A480A07BDED1,8D94FFBF-8533-4F2F-95B4-1EAC0B70A105,0 days 00:00:17
9B2EA370-F95B-4E5F-B893-5A0F5E4FC4E3,82BE5B3B-2449-4F67-B320-18C5884CF07A,0 days 00:08:35
9C93EFF8-9C4C-49F6-9EDC-0DFCC1D7D6EF,EB008284-62F9-4AA0-B137-F3E695720210,0 days 00:22:23
9C9F6C6D-902B-4F8C-A923-B7B9B031192D,8C4B39A4-EDA5-40B2-BB47-70E898814D04,0 days 00:04:28
9F7938E0-509A-4E10-986E-DFC15A55A711,AB4E6129-50BD-4A7A-A1AA-6AAB7BBEFADA,0 days 00:03:14
A08B6706-B198-4AB7-A34C-257E806EA4B3,56464D93-613C-4AD8-A5B0-18B3AF37EEF5,0 days 00:00:03
A0CAAC2C-7801-4E22-8246-7D3C74721B68,EFF17285-872E-409D-B58E-7AC06EEB721A,0 days 00:08:25
A2C78DF4-F75E-4889-9A52-8C26DAE41F0E,95100578-46F8-4BCD-9D9C-895B1CE97901,0 days 00:02:12
A3D0789B-4376-4F14-AB7A-039BE55A6A58,6FE5C92A-1A10-4CE1-89A3-D0DE97C602F9,0 days 00:04:32
A514ECC1-D120-4088-A3FB-231E73980D50,9851C240-1A84-4409-8206-13BFD519A2A1,0 days 00:00:16
A514ECC1-D120-4088-A3FB-231E73980D50,C2DABF7F-E4C0-40F8-A769-ACF84A67E706,0 days 00:00:14
A6E46B7C-F917-47C6-B5FB-F037CD27E13B,D771C468-012A-4B87-992C-9CC7D6216A51,0 days 00:00:28
A7D9B0E1-9101-4EC9-A003-336FF680E7F1,191D6750-1450-40EC-BF57-C0E6B02356B4,0 days 00:00:31
A9673101-C0AD-439A-A5F3-C1F8E5776AC9,0CEC9736-5399-4782-B418-8F2CF2C6ABAF,0 days 00:14:36
A9673101-C0AD-439A-A5F3-C1F8E5776AC9,9FAEA503-1460-423E-86B8-4A4C68BF0B65,0 days 00:01:17
AAF8BAA2-5F60-4B43-B3A8-E74357D382BD,7C8EA757-AA10-421C-9114-A75865816EDA,0 days 00:11:18
AC23EA21-E65C-4A8B-9CA0-5A61BEFED81A,0FDCAD2A-A92C-4992-820C-CB85418D0801,0 days 00:06:28
AC23EA21-E65C-4A8B-9CA0-5A61BEFED81A,C1944CB9-365F-4FC7-A5CF-F8AA80FCA6B8,0 days 00:00:00
ADC73088-1306-47B0-8E6F-2CB74EE0A492,890ACBB9-887C-41ED-928D-3ADAC281381D,0 days 01:40:22
ADC73088-1306-47B0-8E6F-2CB74EE0A492,8D46A6CA-FCC4-4D5D-B09A-FDEB28FC6A2E,0 days 01:11:28
B028FE0F-D9B1-46EB-B2D8-6CA403C4938C,AB4E6129-50BD-4A7A-A1AA-6AAB7BBEFADA,0 days 00:04:47
B336993C-8F8E-48B3-96C9-AB5CA14774EB,0DED3058-B153-4A07-B952-A5FA3D2FAC4A,0 days 00:00:00
B33A5D39-EFDC-4724-BBCE-97D8BCBFB690,7932D656-5AFF-4F14-8E31-644081C28878,0 days 00:01:51
B340C299-C96F-4610-B09E-826CB8B474FC,48F63921-D1D7-4D24-BD2F-A533447EDC5E,0 days 00:01:29
B38A35DE-B612-4226-ADBD-8315F5FEC811,47FF1968-9522-4661-9F26-0E0439EC7F18,0 days 00:17:13
B38B8B57-873A-4EB8-95BE-BBFE1D4A7907,66746DD8-88F5-4BA5-BEA1-D2C816362852,0 days 00:09:23
B411FBD3-F082-4716-B745-992A293CEE09,4CC1CEA8-0A42-4FFC-BE83-6812E1A08899,0 days 00:58:05
B417ADB8-CE19-4CD9-AEC6-AFACA7579E36,1FA9535D-2483-47DD-8483-4ADEFE804A70,0 days 00:02:31
B58984E6-55D5-4517-B2C9-C5D700720AA4,89AD78FC-5E94-4E36-9684-4ABE1DD93B28,0 days 00:08:47
B5FE8550-8EB5-4C69-A0C9-AC7D6C445543,DA07DAD5-BD92-4948-A7BA-91F08D7D573E,0 days 00:09:22
B7084C1E-6161-45E5-97C8-82C1F2975DF3,9BCA7591-60DC-4273-ABAB-A4064CB4B047,0 days 00:00:22
B83B1B71-416D-45D9-885A-1EBF739FDF00,1B644893-9773-40BB-BA26-B32532130E44,0 days 00:19:33
B83B1B71-416D-45D9-885A-1EBF739FDF00,27E6693C-5992-4E12-8E21-12D8656C1FDA,0 days 00:21:55
B870753A-50A4-4E10-B4FF-4035C3D1C2A1,88712D63-7F11-4656-AC46-0382875E34CB,0 days 00:01:13
B98A2BCD-B354-4EFE-BA45-771F716481E0,0986551A-322A-405E-86FA-1521C269927E,0 days 00:00:55
B98A2BCD-B354-4EFE-BA45-771F716481E0,F19B0544-457F-478B-9184-9390B26E3AD0,0 days 02:55:45
B98A2BCD-B354-4EFE-BA45-771F716481E0,F96BEC98-5B1B-4F17-9EB7-16E281DA5B09,0 days 00:00:04
B998CA08-2012-41D6-9E41-8CE08D031FD4,F90EC70B-1984-4E5D-81B2-2EF47A5F3BDB,0 days 00:07:06
B99C69B7-F766-4EA0-BA6F-43D4A46F7C3C,E11B2FC6-23AA-41BC-9E12-0615D0AAEC4B,0 days 00:00:11
BA506D97-8EB9-4DC6-B563-345908E5B38F,DD61AC44-8D33-413E-A973-CBFE1E788D7A,0 days 00:34:51
BABD3FC2-E9B3-4B58-959B-A3EC768D2BA0,07ABF673-0460-4112-A287-88531FA7D92B,0 days 00:01:43
BABD3FC2-E9B3-4B58-959B-A3EC768D2BA0,E84720B6-6107-4719-B64C-EF23AC54726F,0 days 00:09:57
BAF01537-47FB-44A1-B6E6-5CC09E910791,D9AE9305-4C18-45B2-AD7F-0EC943891253,0 days 00:01:37
BAF06DB1-5BB2-4D20-8312-B142C44CC822,FA415980-158A-4408-BBDA-DE6E7D4D0BAA,0 days 00:20:26
BEC2311E-1DE6-4A70-852E-C106C2E26C71,2F5C0D0F-BC55-4494-8599-48D263B33414,0 days 00:05:05
BF6097E6-CE98-43AA-A9B5-838FD361EC2C,B3FB0A57-A41C-4FB5-B58A-E57130AE852E,0 days 00:02:12
C276648A-DB98-40A3-AC46-E5B35DE186CA,B0022CC3-F127-47A9-9785-970644B1245D,0 days 00:01:22
C2B946D3-AC4F-40D1-A0C6-91351CD93DC0,CCDDF9D0-2F2A-4C59-98BE-5C26D56075EA,0 days 00:02:40
C3006976-3C2F-4564-9698-A644358B5C26,435AEE87-F841-4EB7-A799-EDF03EA46F56,0 days 00:00:06
C3006976-3C2F-4564-9698-A644358B5C26,56F3A728-C136-467E-90CA-7B26FC5AABA1,0 days 00:00:29
C3006976-3C2F-4564-9698-A644358B5C26,F366D561-F55F-42C4-A2B4-C2819B01CD06,0 days 00:00:06
C31F514B-CA2C-4644-A4D2-91812F47AC83,778988BD-2337-4588-885E-02C89EC362D1,0 days 00:03:15
C55E137C-0989-4634-A0CF-882A36814871,4EFE2956-911C-4FBB-9E90-A8C1175F2A70,0 days 00:00:13
C609AF39-6A2F-4021-B9AB-769F11BC5D17,173F8324-9532-473C-BD6D-E2EA450347E8,0 days 00:01:38
C609AF39-6A2F-4021-B9AB-769F11BC5D17,6A66DDC9-87E6-4B78-8664-3B7671DC2686,0 days 00:11:44
C609AF39-6A2F-4021-B9AB-769F11BC5D17,EB861B4D-58C0-4483-B9E6-7CE96E175959,0 days 00:04:10
C61AFC4F-13E5-4207-8D62-DB1603B92A6F,A5BD4917-8B91-41B4-B332-7F92040A9961,0 days 00:07:04
C64ED0FB-978A-429B-9A3D-F98B8F9003F5,16C548B1-F06D-46BC-B8CC-7EB9110CD49A,0 days 00:00:14
C716B224-EAD8-448F-BD1C-42D9F1BD07FF,50DB2F5C-DD7C-4FF7-A70F-B3D0A7B136D6,0 days 00:03:49
C7BC4347-77A5-4F2B-98D3-430CDD72FED4,535AD001-D1FA-47A8-B1EA-FBC6627EAF21,0 days 00:00:03
C82D47FF-E5FB-4C72-9AB9-F7295F3ED5B1,2274773E-74DB-411C-86E8-ACB955A006E5,0 days 00:07:13
CA091E4D-6E72-43E6-9BFF-90519EE2AE0C,5BBA2FF9-E8AB-415B-95B0-94CC3323D6FD,0 days 00:02:18
CBB062D3-420A-4845-8A25-9C739EF8695B,41AAE9BF-B0E1-49BC-9D1A-6773E6F693BB,0 days 00:11:33
CC85DAC8-427D-464F-8E21-F7673E16685D,17668B95-06F3-417F-8DB3-3C4814039CF4,0 days 00:28:18
CEF1227A-0401-4A39-939C-600580D6446C,50886908-F32B-492E-971F-5EBD0D383339,0 days 00:02:16
CF027E25-65AB-4257-9392-EB75D45AB60E,C7C4E775-7469-4177-9D77-88D33646A650,0 days 00:02:33
CF3BA73F-E1F4-4745-9A5C-4D1E4ADD22EE,5D108123-FBF4-4B82-94B6-385FDC4ADD39,0 days 00:04:56
CF495329-9093-41FD-AD34-F29AB5DB26F1,A0B3C576-45AF-419D-94DC-354DA49706E6,0 days 00:00:46
CF495329-9093-41FD-AD34-F29AB5DB26F1,A67869E0-BF44-427A-9B45-607F9EA8D61C,0 days 00:02:50
CFDE2E6F-01BF-49C9-B3B0-0767A5033884,2C30240E-19B3-4078-976C-C3D2AF38CC45,0 days 00:01:27
CFDE2E6F-01BF-49C9-B3B0-0767A5033884,95920236-E3A5-49A2-A3E5-8277DF63DA92,0 days 00:13:46
CFFCFA03-43F5-4E9B-B90C-2702853E647B,7BD880CA-2F63-4FFB-B9DF-E25813D02BD5,0 days 00:05:07
D03FB232-BF39-4033-B87D-B7C7FAE7F885,019C568C-7FD0-47B2-BFD9-7F444023EBE4,0 days 00:11:49
D03FB232-BF39-4033-B87D-B7C7FAE7F885,72F31F23-5021-4F75-B7B0-8B2FAD6B8090,0 days 00:01:42
D1315984-3D86-4BCC-8F91-0B2E979FCFE2,F3D79296-5627-4A68-A8AF-170E66AB357B,0 days 00:01:09
D426C932-0ECE-4FDE-A0E1-18D7762FE7A2,954C31E3-BE10-4985-9346-1085643420AE,0 days 00:00:20
D5036BFB-5D20-4598-8D33-EDBD74E6D9FD,8D46A6CA-FCC4-4D5D-B09A-FDEB28FC6A2E,0 days 00:05:19
D63AAB35-E908-41BB-A0D9-E156BBC6BFA0,415FF938-49CB-4356-A538-7C552569CBE1,0 days 00:14:11
D68C5FD7-693A-48F9-A1AA-2E5E53092549,90046897-9CAA-4E81-A32F-32411D1D2542,0 days 00:05:11
D6D1B8B7-5154-4FA6-8616-5DB5827F2735,53342BDA-1890-46A4-99E2-A7FDE243C6DF,0 days 00:00:30
D6D54E16-5F85-4D49-B6A4-36E120486604,065AD213-950A-4BB8-9AA3-4CB653B4258C,0 days 00:00:07
D6D54E16-5F85-4D49-B6A4-36E120486604,341A2CE2-D107-41C1-A2A3-129D160697F9,0 days 00:00:14
D6D54E16-5F85-4D49-B6A4-36E120486604,353AA680-F382-4543-B2BC-A303AAC714FC,0 days 00:00:43
D6D54E16-5F85-4D49-B6A4-36E120486604,7592AB7B-B0CA-446B-9D8E-9AD54FD62385,0 days 00:00:03
D6D54E16-5F85-4D49-B6A4-36E120486604,9295C6DF-5CC9-4D66-B4B7-AE525F016957,0 days 00:00:09
D6D54E16-5F85-4D49-B6A4-36E120486604,96E2E23E-A459-4B74-8783-0E0056456CA4,0 days 00:00:07
D6F8B186-9381-4B6A-B6C1-DDC43E275E8E,AED74604-151A-4E99-B405-163B0931EC5D,0 days 00:54:15
D759B035-CF0B-45C4-B8E9-0457AE05024A,CF56E5A4-EEFE-4275-8B56-F7F15A98D423,0 days 00:57:26
D946EB98-5D0D-4BB4-B9CF-C3D1611E17FE,0AB93023-5D55-4432-B8F1-34FE55F7BE10,0 days 00:00:39
DA491AE0-A920-4599-885D-C6BB043D7CAD,F771174C-9379-488D-802C-D1DB2B89472F,0 days 00:11:06
DB91E24F-CEB4-499D-9B76-8378A0C5B247,5B0CC0CC-5F42-43D6-BC92-EBC7C5C11929,0 days 00:00:24
DBD97EE9-2104-41C5-99DB-F9630FB40FE1,85618D03-FED8-407B-9BD8-0F90537A4869,0 days 00:00:51
DC3F2E15-E051-43FA-8665-82E683A34402,1F52D974-1643-48F8-8279-CD874407DD94,0 days 00:02:12
DC3F2E15-E051-43FA-8665-82E683A34402,43C005C1-C5C4-4AF3-959B-CAF28B28EEA4,0 days 00:01:07
DC3F2E15-E051-43FA-8665-82E683A34402,4C55BAB8-2A8F-4980-BBF2-966614CFF266,0 days 00:00:10
DC3F2E15-E051-43FA-8665-82E683A34402,73664EE2-8DA3-47A2-BE5E-7A354241645D,0 days 00:09:22
DC3F2E15-E051-43FA-8665-82E683A34402,CC2A5ADC-4109-4BAC-8A96-36316CF748CC,0 days 00:09:15
DC3F2E15-E051-43FA-8665-82E683A34402,F50417C3-D600-42D3-B36F-56E988BFF598,0 days 00:01:29
DCCBE118-E7AF-47E9-B1B4-DDD5DC66488D,6DE29633-99AC-4927-B129-4FD0AB32B648,0 days 00:00:12
DCE1CBAF-098F-4DFC-B3CA-E355BC582686,2448BE96-1798-4495-A637-37EB27261AFD,0 days 00:00:06
DDD09F95-5B3C-4333-AD3D-51F8823A43AC,8D46A6CA-FCC4-4D5D-B09A-FDEB28FC6A2E,0 days 00:13:58
DDD54F51-B83B-4CD2-A1AB-8816CFE03CAA,5F6B72DC-2C8F-4915-A218-A483553897E5,0 days 00:00:05
DE3D59FA-35DB-424E-B08A-9F87DF2E5549,6915B830-D889-436A-AE0D-DF422AA3D04D,0 days 00:03:13
DE6EEEA6-3255-48AC-9E9C-C68746D6B448,8D46A6CA-FCC4-4D5D-B09A-FDEB28FC6A2E,0 days 01:41:09
E06A8EDC-7358-45BB-8580-281829EB5E1F,5B847657-4AA2-42F0-BA9E-804E722236DD,0 days 00:00:42
E14F3581-532B-4378-B7DC-576BDD8F5E73,78C201E2-958E-4E3B-B76E-B6BAB99F5D18,0 days 00:00:22
E21EDC6D-192A-4703-84D2-B8F0E37B9728,F1817857-579F-47E8-80FC-43D47C5C89AB,0 days 00:11:45
E304FCCC-07F0-46CE-B831-D2ADC2093C5B,EFF17285-872E-409D-B58E-7AC06EEB721A,0 days 00:07:00
E437A00D-03C9-4D51-9DDF-C61D27F87475,F0586AB2-2E81-4934-930A-89473E679A8B,0 days 00:05:48
E633C8C4-C92C-4419-830C-C6D729147E55,88712D63-7F11-4656-AC46-0382875E34CB,0 days 00:00:08
E6C524B3-83B0-4436-B397-0337E7CF07BB,2F0CB324-CA92-43B6-9690-E80537843BAE,0 days 00:00:26
E8BACB57-8273-4E79-83B1-151C3ADBFBDA,E62F9466-490A-4D23-8CB5-3BF863E7EB4E,0 days 00:29:23
E9D2A527-F417-42B5-810C-EFAAE6887CDA,31EAC460-4B02-4519-B664-0D7FA4438E5B,0 days 00:00:11
E9D2A527-F417-42B5-810C-EFAAE6887CDA,3CA2D669-0E29-40A4-BC4E-F324077B8205,0 days 00:03:22
E9D2A527-F417-42B5-810C-EFAAE6887CDA,414716CD-647A-4078-B5BB-BBC065EC7B58,0 days 00:00:14
E9D2A527-F417-42B5-810C-EFAAE6887CDA,6B0D900D-CB93-4404-9E68-55A8DB25A788,0 days 00:01:10
E9D2A527-F417-42B5-810C-EFAAE6887CDA,7DC72D8A-A7E8-4CE7-80CE-0E72A4E92C57,0 days 00:02:58
E9D2A527-F417-42B5-810C-EFAAE6887CDA,A9E49E9C-3075-4107-AA2F-7A7D25FB376D,0 days 00:04:44
E9D2A527-F417-42B5-810C-EFAAE6887CDA,B3E79C01-A42A-4635-988A-A0A507F9D14C,0 days 00:05:45
E9D2A527-F417-42B5-810C-EFAAE6887CDA,C1A92993-EFEF-4983-9FD0-653F7A50A612,0 days 00:01:15
E9D2A527-F417-42B5-810C-EFAAE6887CDA,E42256FE-1790-42C8-AB26-1A94FCBCCA7D,0 days 00:01:58
EA66219A-F68C-4687-BC9C-1F0F58FF6B96,3C919F49-6AE1-4409-9E0A-DFB4A31E83B6,0 days 00:01:30
EA862DEB-7144-4FE6-B720-9E6CD5DFA623,53E77C07-C468-4DB4-A081-438CF2BAED98,0 days 00:01:06
EBC64E10-4E0E-40AC-AF13-2C85E3E4C8FA,61CB9472-A473-4090-8390-504E4255CA01,0 days 00:00:57
EF10E475-E8E9-46DD-862B-A5CECA94B9D9,1913F516-47A8-44BE-978A-2871BA2C7D29,0 days 00:06:05
EF10E475-E8E9-46DD-862B-A5CECA94B9D9,217ABD42-F0FF-48E2-A634-0B5635B0D4F0,0 days 00:01:32
EF10E475-E8E9-46DD-862B-A5CECA94B9D9,2ACD9ABF-941F-4CE7-9DFB-EBCA4F649103,0 days 00:00:25
EF10E475-E8E9-46DD-862B-A5CECA94B9D9,30F6D9CE-4CEE-4011-84F8-5F1D66AA3E09,0 days 00:00:18
EF10E475-E8E9-46DD-862B-A5CECA94B9D9,5A168A55-5C7C-4CDF-815E-7169983AAE57,0 days 00:00:37
EF10E475-E8E9-46DD-862B-A5CECA94B9D9,7B130AEE-37F7-4488-B133-F253DDC1F8B4,0 days 00:00:10
EF10E475-E8E9-46DD-862B-A5CECA94B9D9,8AAD44F7-6A6C-428A-AEB5-0647F124D59E,0 days 00:00:11
EF10E475-E8E9-46DD-862B-A5CECA94B9D9,AD65EE6C-A7BE-49F5-AC4A-97F22E22061F,0 days 00:00:20
EF10E475-E8E9-46DD-862B-A5CECA94B9D9,B1BF2B16-16D2-4A4D-A2BB-1E13F5BD4388,0 days 00:00:45
EF10E475-E8E9-46DD-862B-A5CECA94B9D9,B3189507-C9B1-46E5-BF6E-2023D927FDD4,0 days 00:00:14
EF10E475-E8E9-46DD-862B-A5CECA94B9D9,CF280704-7BEA-46FB-9945-16FAA9C4D5EC,0 days 00:00:06
EF4089F0-024B-46C5-9D1D-ECE2BEE0F3D2,91564490-3540-42A6-90CB-9C1B3AA9407E,0 days 00:33:09
EF7CA928-E6BF-4219-8921-22FE27B9CDEB,D7A8FA98-5C4C-4DF8-B3A2-59313982A3D2,0 days 00:01:03
EFB36DDF-3656-4ACD-9398-ADB7E233DEEF,DCA71A23-CAD7-4B0C-9CC0-2D34B1E0536F,0 days 00:01:10
F05FB7E2-D319-4A46-89E6-3EB04DFEA11B,656D1EFF-E756-4192-B872-4D281175DF40,0 days 00:00:33
F0B31C7C-A2FF-4C9A-8363-F3292CB16D19,7C1256AA-CD62-4ED5-B0E9-C60045F9B5C0,0 days 00:00:35
F139798A-3F22-4947-82DE-31B917510945,20C2AA97-F304-4445-A0CF-10BAC657FC20,0 days 00:00:53
F139798A-3F22-4947-82DE-31B917510945,35643B27-D91B-488F-8E88-7026A126A74D,0 days 00:03:20
F139798A-3F22-4947-82DE-31B917510945,3B973C85-C1FD-4F8E-A7C3-086DD72BDD1E,0 days 00:00:36
F1FFCD4B-114A-4E67-9189-4F6C359FD21F,D2363A37-047F-4355-9A80-C1DD89CEF79D,0 days 00:40:44
F549A753-D634-4846-B8F7-962E3BEC8138,A6CDA077-CAAD-4C9E-9428-7A8FD4052E6A,0 days 00:25:30
F6A02445-4AC2-44CC-861E-8FB347E949FC,5F6B72DC-2C8F-4915-A218-A483553897E5,0 days 00:00:29
F95595B7-4F4C-4855-B09C-D9B3D8048F6A,72A6E38D-5247-466B-A858-22365ECA9DB0,0 days 00:00:07
F9CD7CA6-34D0-4F27-9DC8-4FC8F0E0C19E,BD315CD5-A4BF-4F15-B70E-B4135CB8D9B1,0 days 00:21:10
FA46154A-0CB5-4F32-B1BA-D1EB81D2C554,415FF938-49CB-4356-A538-7C552569CBE1,0 days 00:09:17
FB828D5B-D0B9-42CF-A8AA-7C5C60860776,2A0CEE32-9B76-48A9-BCB9-1AF99E7B9DDE,0 days 00:11:37
FC61FCB9-F606-4930-80AC-D4FE5B9E87D0,5964F5AF-7DB6-44A0-812B-527A36890184,0 days 00:02:21
FD4D1163-5770-495F-ABCD-7D1456DE40AA,1B6BC77C-3201-4CE0-8007-9C57EAD1B7C2,0 days 00:00:03
FD72D010-BC42-4597-A9F9-458E83BE911E,CF56E5A4-EEFE-4275-8B56-F7F15A98D423,0 days 00:24:19
